{"cameraMode":{"drawMode":0,"name":"Shaded","section":"Shading Mode"},"sceneLighting":false,"audioPlay":false,"sceneViewState":{"m_AlwaysRefresh":false,"showFog":true,"showSkybox":false,"showFlares":true,"showImageEffects":true,"showParticleSystems":true,"showVisualEffectGraphs":true,"m_FxEnabled":true},"in2DMode":false,"pivot":{"x":18.608274459838868,"y":17.112791061401368,"z":-55.51309585571289},"rotation":{"x":0.004862021654844284,"y":0.9671900868415833,"z":0.018563287332654,"w":-0.25336018204689028},"size":22.503925323486329,"orthographic":false}