{"cameraMode":{"drawMode":0,"name":"Shaded","section":"Shading Mode"},"sceneLighting":false,"audioPlay":false,"sceneViewState":{"m_AlwaysRefresh":false,"showFog":false,"showSkybox":false,"showFlares":false,"showImageEffects":false,"showParticleSystems":false,"showVisualEffectGraphs":true,"m_FxEnabled":true},"in2DMode":false,"pivot":{"x":0.00031047756783664227,"y":0.00972517766058445,"z":-0.0003543505445122719},"rotation":{"x":0.1001056656241417,"y":-0.8650139570236206,"z":0.19116459786891938,"w":0.45297572016716006},"size":0.8660253882408142,"orthographic":false}