{"cameraMode":{"drawMode":0,"name":"Shaded","section":"Shading Mode"},"sceneLighting":false,"audioPlay":false,"sceneViewState":{"m_AlwaysRefresh":false,"showFog":true,"showSkybox":false,"showFlares":true,"showImageEffects":true,"showParticleSystems":true,"showVisualEffectGraphs":true,"m_FxEnabled":true},"in2DMode":false,"pivot":{"x":4.5361528396606449,"y":0.06793403625488281,"z":8.952766418457032},"rotation":{"x":-0.059321727603673938,"y":0.9399977326393127,"z":-0.2184188812971115,"w":-0.2552996277809143},"size":12.62313461303711,"orthographic":false}