{"cameraMode":{"drawMode":0,"name":"Shaded","section":"Shading Mode"},"sceneLighting":false,"audioPlay":false,"sceneViewState":{"m_AlwaysRefresh":false,"showFog":false,"showSkybox":false,"showFlares":false,"showImageEffects":false,"showParticleSystems":false,"showVisualEffectGraphs":true,"m_FxEnabled":true},"in2DMode":false,"pivot":{"x":-0.04999998211860657,"y":1.0499999523162842,"z":-0.1499999761581421},"rotation":{"x":0.1001056656241417,"y":-0.8650139570236206,"z":0.19116459786891938,"w":0.45297572016716006},"size":1.5835087299346924,"orthographic":false}